cost,rbf_sigma,.metric,.estimator,mean,n,std_err,.config
1.175676231143052,1.0684570594058863e-10,huber_loss,standard,25.957030888606116,43,1.713601616862464,Preprocessor1_Model16
0.30675017457922205,5.546186742005315e-10,huber_loss,standard,25.95703481151897,43,1.7136028580597087,Preprocessor1_Model17
0.0021400706429478824,1.6980854246082875e-8,huber_loss,standard,25.95706378769011,43,1.7136030483831186,Preprocessor1_Model19
4.267778970754502,1.810400380924255e-9,huber_loss,standard,25.95715413397878,43,1.713628185319089,Preprocessor1_Model04
0.07619411764253192,2.5418705070559996e-7,huber_loss,standard,25.95721386504456,43,1.7136503662936864,Preprocessor1_Model14
0.2299784308959594,9.908485452956114e-8,huber_loss,standard,25.95721441926,43,1.7136623600169758,Preprocessor1_Model13
0.011554792886763615,2.314895786604239e-6,huber_loss,standard,25.957270354263624,43,1.7136652054787251,Preprocessor1_Model05
0.001585431275505942,0.042431964990650564,huber_loss,standard,25.959375589780958,43,1.7177591367578002,Preprocessor1_Model02
0.024243805842879447,8.852669161034771e-6,huber_loss,standard,25.959827179286872,43,1.7141954915521624,Preprocessor1_Model18
29.30624595266704,1.1922190698071576e-8,huber_loss,standard,25.960300309503584,43,1.7146441658089155,Preprocessor1_Model12
0.5199156149024905,6.897617536808513e-7,huber_loss,standard,25.96036594555347,43,1.7146218321251714,Preprocessor1_Model06
0.003470244860455318,0.6936682372032437,huber_loss,standard,25.961344503296687,43,1.7158392388631514,Preprocessor1_Model08
0.07791328155093515,2.3459434260765776e-4,huber_loss,standard,26.012703082192854,43,1.7581739339557458,Preprocessor1_Model11
0.00855672067065599,0.018824039374824745,huber_loss,standard,26.016877797019937,43,1.7604090678417996,Preprocessor1_Model15
0.040207448381634155,0.27219043561999895,huber_loss,standard,26.301977376430028,43,1.7168228012005942,Preprocessor1_Model03
1.3663955784189612,1.2563937513840437e-4,huber_loss,standard,27.43861687352765,43,2.333170518801152,Preprocessor1_Model07
6.513024810960206,5.1058452182503136e-5,huber_loss,standard,28.661625791801953,43,2.930855578973358,Preprocessor1_Model10
2.8546573888150237,0.004407515904286527,huber_loss,standard,37.49724128504909,43,4.155227323124665,Preprocessor1_Model09
11.909405339822271,8.6850935611005e-4,huber_loss,standard,38.75991133033507,43,4.845257253464643,Preprocessor1_Model01
0.001585431275505942,0.042431964990650564,rmse,standard,28.555808830767283,43,1.651853558424574,Preprocessor1_Model02
1.175676231143052,1.0684570594058863e-10,rmse,standard,28.56129491598165,43,1.6479552380870441,Preprocessor1_Model16
0.30675017457922205,5.546186742005315e-10,rmse,standard,28.56129730098395,43,1.6479566377306683,Preprocessor1_Model17
0.0021400706429478824,1.6980854246082875e-8,rmse,standard,28.561324763216916,43,1.6479571153289478,Preprocessor1_Model19
4.267778970754502,1.810400380924255e-9,rmse,standard,28.561398125016627,43,1.647981476626079,Preprocessor1_Model04
0.2299784308959594,9.908485452956114e-8,rmse,standard,28.561420456292197,43,1.6480179392170948,Preprocessor1_Model13
0.07619411764253192,2.5418705070559996e-7,rmse,standard,28.56142951533236,43,1.648005592134238,Preprocessor1_Model14
0.011554792886763615,2.314895786604239e-6,rmse,standard,28.56147019244199,43,1.6480199429904425,Preprocessor1_Model05
0.003470244860455318,0.6936682372032437,rmse,standard,28.562960802224865,43,1.6492969829592077,Preprocessor1_Model08
0.024243805842879447,8.852669161034771e-6,rmse,standard,28.563610741281792,43,1.6485232055250953,Preprocessor1_Model18
29.30624595266704,1.1922190698071576e-8,rmse,standard,28.563746116625953,43,1.6489705123075828,Preprocessor1_Model12
0.5199156149024905,6.897617536808513e-7,rmse,standard,28.56376361616352,43,1.6489473321619579,Preprocessor1_Model06
0.07791328155093515,2.3459434260765776e-4,rmse,standard,28.609815151013414,43,1.6890129623447925,Preprocessor1_Model11
0.00855672067065599,0.018824039374824745,rmse,standard,28.623174860291392,43,1.6922590736759209,Preprocessor1_Model15
0.040207448381634155,0.27219043561999895,rmse,standard,28.81229200975985,43,1.6528914504423304,Preprocessor1_Model03
1.3663955784189612,1.2563937513840437e-4,rmse,standard,30.24648846994642,43,2.3206735167321746,Preprocessor1_Model07
6.513024810960206,5.1058452182503136e-5,rmse,standard,31.52174045006496,43,2.932167711879052,Preprocessor1_Model10
2.8546573888150237,0.004407515904286527,rmse,standard,40.02848828708025,43,4.0862909661112825,Preprocessor1_Model09
11.909405339822271,8.6850935611005e-4,rmse,standard,41.41327740755314,43,4.825340768907976,Preprocessor1_Model01
